{
    "id": "45ab5275-3153-4cd6-9e12-2870d8de0084",
    "trigger": {
        "conditions": [],
        "events": [
            {
                "devType": "01B",
                "deviceId": "2030c58b-d17d-4518-a24e-a29d85a8f243",
                "eventId": "c0692a31-8c22-4209-b920-4e9b3eb03de1",
                "params": {
                    "capabilityId": "switchOnOff",
                    "command": "on",
                    "value": "0"
                },
                "prodId": "100z"
            }
        ]
    },
    "actions": [
        {
            "actions": [
                {
                    "actionId": "46c4f2d9-3d10-489f-b32d-1885a9331928",
                    "devType": "01B",
                    "deviceId": "2030c58b-d17d-4518-a24e-a29d85a8f243",
                    "params": {
                        "capabilityId": "switchOnOff",
                        "command": "on",
                        "value": "1"
                    },
                    "prodId": "100z"
                }
            ],
            "delay": {
                "delaySync": false
            }
        }
    ]
}