{
    "id": "6e185859-dfc4-4377-a9b9-d1da3d1f1615",
    "trigger": {
        "conditions": [],
        "events": [
            {
                "devType": "01B",
                "deviceId": "2030c58b-d17d-4518-a24e-a29d85a8f243",
                "eventId": "52983c71-8244-47fd-a185-abf214412307",
                "params": {
                    "capabilityId": "switchOnOff",
                    "command": "on",
                    "value": "1"
                },
                "prodId": "100z"
            }
        ]
    },
    "actions": [
        {
            "actions": [
                {
                    "actionId": "a7ab575e-170c-4bbd-87a6-c680ed11281e",
                    "devType": "00A",
                    "deviceId": "9e4239b1-12e6-46df-9ef9-4823c0b416ee",
                    "params": {
                        "capabilityId": "playMusic",
                        "command": "play",
                        "value": "aiting:5373510"
                    },
                    "prodId": "001T"
                },
                {
                    "actionId": "9129a5c2-0843-460e-84a0-ecf48bff8e57",
                    "devType": "00A",
                    "deviceId": "9e4239b1-12e6-46df-9ef9-4823c0b416ee",
                    "params": {
                        "capabilityId": "audioPlayState",
                        "command": "pause",
                        "value": "0"
                    },
                    "prodId": "001T"
                }
            ],
            "delay": {
                "delaySync": false
            }
        }
    ]
}