{
    "id": "8872294c-cd18-4a25-b77d-c314f39e7001",
    "trigger": {
        "conditions": [],
        "events": [
            {
                "devType": "00A",
                "deviceId": "9e4239b1-12e6-46df-9ef9-4823c0b416ee",
                "eventId": "10f9df5a-8027-44c9-a96f-023b69a32522",
                "params": {
                    "capabilityId": "audioPlayState",
                    "command": "pause",
                    "value": "0"
                },
                "prodId": "001T"
            }
        ]
    },
    "actions": [
        {
            "actions": [
                {
                    "actionId": "46d0afbf-12ae-4fa3-b611-1f5324fc1741",
                    "devType": "00A",
                    "deviceId": "9e4239b1-12e6-46df-9ef9-4823c0b416ee",
                    "params": {
                        "capabilityId": "audioPlayState",
                        "command": "pause",
                        "value": "1"
                    },
                    "prodId": "001T"
                }
            ],
            "delay": {
                "delaySync": false
            }
        }
    ]
}